Idusuario,Deslogin,Dessenha,Dtcadastro
6,LoginTest1,SenhaTeste1,2020-06-21 10:15:41
18,loginWithConstruct,passWithConstruct,2020-06-23 20:08:52
19,loginWithPROCEDURE,passWithPROCEDURE,2020-06-23 20:25:49
20,loginWithPROCEDURE,passWithPROCEDURE,2020-06-23 20:27:16
21,loginWithPROCEDURE,passWithPROCEDURE,2020-06-23 20:29:01
22,loginWithPROCEDURE,passWithPROCEDURE,2020-06-23 20:29:54
23,loginWithPROCEDURE,passWithPROCEDURE,2020-06-23 20:30:05
13,loginWithSet,passWithPass,2020-06-23 19:50:46
14,loginWithSet,passWithPass,2020-06-23 20:02:32
15,loginWithSet,passWithPass,2020-06-23 20:03:20
16,loginWithSet,passWithPass,2020-06-23 20:03:46
17,loginWithSet,passWithPass,2020-06-23 20:04:25
7,PassCAT,UserFISH,2020-06-23 19:37:23
8,PassCAT,UserFISH,2020-06-23 19:40:27
9,PassCAT,UserFISH,2020-06-23 19:40:52
10,UserFISH,PassCAT,2020-06-23 19:42:09
11,UserFISH,PassCAT,2020-06-23 19:42:11
12,UserFISH,PassCAT,2020-06-23 19:42:19
